{
  "generalist": {
    "ctx": {
      "timestamp_utc": 1774651967,
      "market_session": "AfterHours",
      "day_of_week": 4,
      "day_of_month": 27,
      "month": 3,
      "week_of_year": 13,
      "is_month_end_window": false,
      "is_quarter_end_window": true,
      "is_options_expiry_week": false,
      "current_price": 248.7,
      "log_price": 5.5162473,
      "missing_feature_fraction": 0.1,
      "stale_data_flag": false,
      "data_quality_score": 0.855
    },
    "return_1d": -0.016490687,
    "return_3d": -0.012154433,
    "return_5d": 0.0020952534,
    "return_10d": -0.0053392523,
    "return_20d": -0.058204263,
    "sma_10_distance": -0.009739355,
    "sma_20_distance": -0.026096083,
    "sma_50_distance": -0.044409778,
    "sma_20_slope": -0.0030004003,
    "sma_50_slope": -0.000875287,
    "drawdown_from_20d_high": 0.060463537,
    "drawdown_from_60d_high": 0.105749525,
    "range_position_20d": 0.031467475,
    "range_position_60d": 0.06292815,
    "realized_vol_5d": 0.010745323,
    "realized_vol_10d": 0.010164889,
    "realized_vol_20d": 0.010218358,
    "atr_14_pct": 0.01999684,
    "volume_vs_5d_avg": 0.17361191,
    "volume_vs_20d_avg": 0.0648677,
    "dollar_volume_vs_20d_avg": 0.031611137,
    "abnormal_volume_score": 0.15330365,
    "benchmark_return_1d": -0.017159864,
    "benchmark_return_5d": -0.022267457,
    "benchmark_return_20d": -0.07595896,
    "sector_return_1d": -0.020155506,
    "sector_return_5d": -0.040933944,
    "sector_return_20d": -0.064504504,
    "excess_return_vs_benchmark_5d": 0.02436271,
    "excess_return_vs_benchmark_20d": 0.017754696,
    "excess_return_vs_sector_5d": 0.043029197,
    "excess_return_vs_sector_20d": 0.0063002403,
    "rolling_beta_20d": 0.748867,
    "rolling_corr_benchmark_20d": 0.70341617,
    "qqq_return_1d": -0.020743271,
    "qqq_return_5d": -0.03488322,
    "spy_return_1d": -0.017159864,
    "spy_return_5d": -0.022267457,
    "market_regime": "Trend",
    "regime_confidence": 0.8855125,
    "news_count_24h": 58,
    "abnormal_news_count_24h": 0.45,
    "avg_news_sentiment_24h": 0.05,
    "sentiment_change_6h_vs_24h": -0.061764706,
    "sentiment_dispersion_24h": 0.34497395,
    "has_high_impact_news_24h": true
  },
  "technical": {
    "ctx": {
      "timestamp_utc": 1774651967,
      "market_session": "AfterHours",
      "day_of_week": 4,
      "day_of_month": 27,
      "month": 3,
      "week_of_year": 13,
      "is_month_end_window": false,
      "is_quarter_end_window": true,
      "is_options_expiry_week": false,
      "current_price": 248.7,
      "log_price": 5.5162473,
      "missing_feature_fraction": 0.1,
      "stale_data_flag": false,
      "data_quality_score": 0.855
    },
    "return_1d": -0.016490687,
    "return_2d": -0.015478405,
    "return_3d": -0.012154433,
    "return_5d": 0.0020952534,
    "return_10d": -0.0053392523,
    "return_20d": -0.058204263,
    "return_60d": -0.08917781,
    "intraday_return_today": -0.020480504,
    "overnight_return_today": 0.0040732394,
    "gap_from_prev_close": 0.0040732394,
    "hl_range_1d": 0.029665457,
    "sma_5_distance": -0.011054557,
    "sma_10_distance": -0.009739355,
    "sma_20_distance": -0.026096083,
    "sma_50_distance": -0.044409778,
    "ema_10_distance": -0.013361898,
    "ema_20_distance": -0.024509827,
    "sma_20_slope": -0.0030004003,
    "sma_50_slope": -0.000875287,
    "ema_20_slope": -0.0025733425,
    "trend_strength_20d": -1.2736752,
    "price_zscore_10d": -1.1719049,
    "price_zscore_20d": -1.2259631,
    "return_zscore_5d": -1.5821189,
    "return_zscore_20d": -1.332147,
    "mean_reversion_score_5d": 1.5821189,
    "momentum_acceleration_5d_vs_20d": 0.01664632,
    "distance_to_20d_high": -0.060463537,
    "distance_to_60d_high": -0.105749525,
    "distance_to_20d_low": 0.0020952534,
    "distance_to_60d_low": 0.008004864,
    "drawdown_from_20d_high": 0.060463537,
    "drawdown_from_60d_high": 0.105749525,
    "range_position_20d": 0.031467475,
    "range_position_60d": 0.06292815,
    "realized_vol_5d": 0.010745323,
    "realized_vol_10d": 0.010164889,
    "realized_vol_20d": 0.010218358,
    "downside_vol_10d": 0.007714538,
    "upside_vol_10d": 0.0051277988,
    "atr_14_pct": 0.01999684,
    "volume_vs_5d_avg": 0.17361191,
    "volume_vs_20d_avg": 0.0648677,
    "abnormal_volume_score": 0.15330365,
    "volume_trend_5d": 0.007944801
  },
  "earnings": {
    "ctx": {
      "timestamp_utc": 1774651967,
      "market_session": "AfterHours",
      "day_of_week": 4,
      "day_of_month": 27,
      "month": 3,
      "week_of_year": 13,
      "is_month_end_window": false,
      "is_quarter_end_window": true,
      "is_options_expiry_week": false,
      "current_price": 248.7,
      "log_price": 5.5162473,
      "missing_feature_fraction": 0.1,
      "stale_data_flag": false,
      "data_quality_score": 0.855
    },
    "days_since_last_earnings": 56.493923,
    "recent_earnings_filing_within_7d": false,
    "recent_earnings_filing_within_30d": false,
    "recent_earnings_filing_count_90d": 2,
    "latest_earnings_filing_age_hours": 1355.8541,
    "return_3d": -0.012154433,
    "return_5d": 0.0020952534,
    "return_10d": -0.0053392523,
    "excess_return_vs_benchmark_5d": 0.02436271,
    "realized_vol_5d": 0.010745323,
    "realized_vol_10d": 0.010164889,
    "drawdown_from_20d_high": 0.060463537,
    "volume_vs_5d_avg": 0.17361191,
    "abnormal_volume_score": 0.15330365,
    "news_count_24h": 58,
    "abnormal_news_count_24h": 0.45,
    "avg_news_sentiment_24h": 0.05,
    "sentiment_change_6h_vs_24h": -0.061764706,
    "sentiment_dispersion_24h": 0.34497395,
    "dominant_news_category": "AnalystAction",
    "has_high_impact_news_24h": true
  },
  "news_event": {
    "ctx": {
      "timestamp_utc": 1774651967,
      "market_session": "AfterHours",
      "day_of_week": 4,
      "day_of_month": 27,
      "month": 3,
      "week_of_year": 13,
      "is_month_end_window": false,
      "is_quarter_end_window": true,
      "is_options_expiry_week": false,
      "current_price": 248.7,
      "log_price": 5.5162473,
      "missing_feature_fraction": 0.1,
      "stale_data_flag": false,
      "data_quality_score": 0.855
    },
    "news_count_1h": 1,
    "news_count_6h": 17,
    "news_count_24h": 58,
    "news_count_3d": 120,
    "abnormal_news_count_6h": 0.1724138,
    "abnormal_news_count_24h": 0.45,
    "avg_news_sentiment_1h": 0.0,
    "avg_news_sentiment_6h": -0.011764706,
    "avg_news_sentiment_24h": 0.05,
    "sentiment_change_6h_vs_24h": -0.061764706,
    "sentiment_dispersion_24h": 0.34497395,
    "positive_news_ratio_24h": 0.15517241,
    "negative_news_ratio_24h": 0.0862069,
    "relevance_weighted_news_sentiment_24h": 0.05107843,
    "hours_since_latest_news": 0.80722225,
    "news_novelty_score_24h": null,
    "dominant_news_category": "AnalystAction",
    "has_high_impact_news_24h": true,
    "return_1d": -0.016490687,
    "return_3d": -0.012154433,
    "realized_vol_5d": 0.010745323,
    "abnormal_volume_score": 0.15330365,
    "excess_return_vs_benchmark_1d": 0.0006691773
  },
  "regime": {
    "ctx": {
      "timestamp_utc": 1774651967,
      "market_session": "AfterHours",
      "day_of_week": 4,
      "day_of_month": 27,
      "month": 3,
      "week_of_year": 13,
      "is_month_end_window": false,
      "is_quarter_end_window": true,
      "is_options_expiry_week": false,
      "current_price": 248.7,
      "log_price": 5.5162473,
      "missing_feature_fraction": 0.1,
      "stale_data_flag": false,
      "data_quality_score": 0.855
    },
    "spy_return_1d": -0.017159864,
    "spy_return_5d": -0.022267457,
    "qqq_return_1d": -0.020743271,
    "qqq_return_5d": -0.03488322,
    "benchmark_return_20d": -0.07595896,
    "rolling_beta_20d": 0.748867,
    "rolling_beta_60d": 0.9118573,
    "rolling_corr_benchmark_20d": 0.70341617,
    "idiosyncratic_vol_20d": 0.0072276997,
    "market_regime": "Trend",
    "regime_confidence": 0.8855125
  },