{
  "specialist": {
    "generalist": {
      "mean": [
        0.0,
        0.0,
        0.0,
        0.0,
        0.0,
        0.0,
        0.0,
        0.0,
        0.0,
        0.0,
        0.0,
        0.0,
        0.0,
        0.0,
        0.0,
        0.0,
        0.0,
        0.0,
        0.0,
        0.0,
        5.107917308807373,
        0.0,
        0.034069981426000595,
        0.0,
        0.0,
        0.0,
        0.9887522459030151,
        0.0,
        0.0008303706417791545,
        0.0023810400161892176,
        0.003812295850366354,
        0.007596859708428383,
        0.01544452179223299,
        0.0029876676853746176,
        0.0063911061733961105,
        0.013142277486622334,
        0.000647593813482672,
        8.15911844256334e-05,
        0.03945188596844673,
        0.0,
        0.08019629120826721,
        0.0,
        0.5743168592453003,
        0.0,
        0.5853089094161987,
        0.0,
        0.015210405923426151,
        0.0,
        0.01582403853535652,
        0.0,
        0.016176985576748848,
        0.0,
        0.022766608744859695,
        0.0,
        0.032931189984083176,
        0.01347077265381813,
        0.019287653267383575,
        0.06501931697130203,
        0.000585488392971456,
        0.0028257158119231462,
        0.011561152525246143,
        0.0007598010124638677,
        0.003608563682064414,
        0.014517792500555515,
        0.0009865802712738514,
        0.0038833688013255596,
        0.00020373202278278768,
        0.0009267284185625613,
        1.1972384452819824,
        0.0,
        0.6946576237678528,
        0.0,
        0.0006882388261146843,
        0.003244732739403844,
        0.000585488392971456,
        0.0028257158119231462,
        0.0,
        0.0,
        0.0,
        0.0,
        0.0,
        0.0,
        0.0,
        0.56866854429245,
        1.6316758394241333,
        0.0,
        0.20910777151584625,
        0.014253816567361355,
        -0.014253816567361355,
        0.08218765258789062,
        0.0,
        0.0,
        0.0
      ],
      "scale": [
        1.0,
        1.0,
        1.0,
        1.0,
        1.0,
        1.0,
        1.0,
        1.0,
        1.0,
        1.0,
        1.0,
        1.0,
        1.0,
        1.0,
        1.0,
        1.0,
        1.0,
        1.0,
        1.0,
        1.0,
        0.1924414336681366,
        1.0,
        0.04892406612634659,
        1.0,
        1.0,
        1.0,
        0.022429224103689194,
        1.0,
        0.01695101149380207,
        0.02897026017308235,
        0.036541618406772614,
        0.05110381916165352,
        0.07158682495355606,
        0.02740004099905491,
        0.039704661816358566,
        0.0734839215874672,
        0.0035383179783821106,
        0.005620415788143873,
        0.038852475583553314,
        1.0,
        0.11833313852548599,
        1.0,
        0.3648926019668579,
        1.0,
        0.3392055630683899,
        1.0,
        0.007778785191476345,
        1.0,
        0.006386136170476675,
        1.0,
        0.005458193831145763,
        1.0,
        0.006974169984459877,
        1.0,
        0.4329167902469635,
        0.45557886362075806,
        0.46017754077911377,
        1.3281540870666504,
        0.01029566116631031,
        0.022350836545228958,
        0.04076385125517845,
        0.014985828660428524,
        0.03181314840912819,
        0.05792698264122009,
        0.026397569105029106,
        0.0538187175989151,
        0.02320527844130993,
        0.043459586799144745,
        0.3792157471179962,
        1.0,
        0.1823652684688568,
        1.0,
        0.014053598046302795,
        0.02975456789135933,
        0.01029566116631031,
        0.022350836545228958,
        1.0,
        1.0,
        1.0,
        1.0,
        1.0,
        1.0,
        1.0,
        0.2301468402147293,
        1.443429946899414,
        1.0,
        0.9106254577636719,
        0.203506201505661,
        0.203506201505661,
        0.180469810962677,
        1.0,
        1.0,
        1.0
      ]
    },
    "technical": {
      "mean": [
        0.0,
        0.0,
        0.0,
        0.0,
        0.0,
        0.0,
        0.0,
        0.0,
        0.0,
        0.0,
        0.0,
        0.0,
        0.0,
        0.0,
        0.0,
        0.0,
        0.0,
        0.0,
        0.0,
        0.0,
        5.107917308807373,
        0.0,
        0.034069981426000595,
        0.0,
        0.0,
        0.0,
        0.9887522459030151,
        0.0,
        0.0,
        0.0,
        0.0,
        0.0008303706417791545,
        0.0016280562849715352,
        0.0023810400161892176,
        0.003812295850366354,
        0.007596859708428383,
        0.01544452179223299,
        0.0297325998544693,
        0.0010502146324142814,
        -0.00021103078324813396,
        -0.00021103078324813396,
        0.02091284468770027,
        0.0,
        0.0013623780105262995,
        0.0029876676853746176,
        0.0063911061733961105,
        0.013142277486622334,
        0.0027948340866714716,
        0.00528703723102808,
        0.000647593813482672,
        8.15911844256334e-05,
        0.0005698824534192681,
        0.3209574222564697,
        0.15208876132965088,
        0.23918034136295319,
        -0.013256287202239037,
        -0.010640423744916916,
        0.013256287202239037,
        -4.883434303337708e-05,
        -0.03945188596844673,
        0.0,
        -0.08019629120826721,
        0.0,
        0.05829647183418274,
        0.0,
        0.12260232120752335,
        0.0,
        0.03945188596844673,
        0.0,
        0.08019629120826721,
        0.0,
        0.5743168592453003,
        0.0,
        0.5853089094161987,
        0.0,
        0.015210405923426151,
        0.0,
        0.01582403853535652,
        0.0,
        0.016176985576748848,
        0.0,
        0.008831162936985493,
        0.0,
        0.009709886275231838,
        0.0,
        0.022766608744859695,
        0.0,
        0.032931189984083176,
        0.01347077265381813,
        0.06501931697130203,
        0.04669914394617081
      ],